﻿<?xml version="1.0" encoding="utf-8"?>
<DefPackage-SoundDef>
	
	<SoundDef>
		<defName>RerollSteamVent</defName>	
		<eventNames />	
		<maxVoices>1</maxVoices>   
		<maxSimultaneous>3</maxSimultaneous>  
		<subSounds>
			<li>
				<onCamera>True</onCamera>  
				<grains>
					<li Class="AudioGrain_Clip">
						<clipPath>steam_vent</clipPath>
					</li>
				</grains>	  
				<volumeRange>
					<min>15</min>
					<max>13</max>
				</volumeRange>
				<pitchRange>
					<min>0.9</min>		
					<max>1.1</max>
				</pitchRange>
			</li>	  
		</subSounds>
	</SoundDef>
	
	<SoundDef>
		<defName>RerollDiceRoll</defName>  
		<eventNames />	
		<maxVoices>1</maxVoices>   
		<maxSimultaneous>1</maxSimultaneous>  
		<subSounds>
			<li>
				<onCamera>True</onCamera>  
				<grains>
					<li Class="AudioGrain_Clip">
						<clipPath>dice_roll</clipPath>
					</li>
				</grains>	  
				<volumeRange>
					<min>90</min>
					<max>100</max>
				</volumeRange>
				<pitchRange>
					<min>0.9</min>		
					<max>1.1</max>
				</pitchRange>
			</li>	  
		</subSounds>
	</SoundDef>
</DefPackage-SoundDef>